{"cameraMode":{"drawMode":0,"name":"Shaded","section":"Shading Mode"},"sceneLighting":false,"audioPlay":false,"sceneViewState":{"m_AlwaysRefresh":false,"showFog":true,"showSkybox":false,"showFlares":true,"showImageEffects":true,"showParticleSystems":true,"showVisualEffectGraphs":true,"m_FxEnabled":true},"in2DMode":false,"pivot":{"x":-1.4960157871246338,"y":0.3073916435241699,"z":-4.111570358276367},"rotation":{"x":0.05487274006009102,"y":0.0033128741197288038,"z":-0.0001666022144490853,"w":0.9985425472259522},"size":1.3894679546356202,"orthographic":false}