{"cameraMode":{"drawMode":0,"name":"Shaded","section":"Shading Mode"},"sceneLighting":false,"audioPlay":false,"sceneViewState":{"m_AlwaysRefresh":false,"showFog":true,"showSkybox":false,"showFlares":true,"showImageEffects":true,"showParticleSystems":true,"showVisualEffectGraphs":true,"m_FxEnabled":true},"in2DMode":false,"pivot":{"x":-1.4999995231628419,"y":0.3769003748893738,"z":-4.100000858306885},"rotation":{"x":0.008166491985321045,"y":0.23510034382343293,"z":-0.001958040054887533,"w":0.9719917178153992},"size":0.9726189970970154,"orthographic":false}