{"cameraMode":{"drawMode":0,"name":"Shaded","section":"Shading Mode"},"sceneLighting":true,"audioPlay":false,"sceneViewState":{"m_AlwaysRefresh":false,"showFog":true,"showSkybox":true,"showFlares":true,"showImageEffects":true,"showParticleSystems":true,"showVisualEffectGraphs":true,"m_FxEnabled":true},"in2DMode":false,"pivot":{"x":-200.68536376953126,"y":-56.445465087890628,"z":37.35784149169922},"rotation":{"x":0.08968253433704376,"y":-0.6138346791267395,"z":0.07047996670007706,"w":0.7811877727508545},"size":135.12399291992188,"orthographic":false}