{"cameraMode":{"drawMode":0,"name":"Shaded","section":"Shading Mode"},"sceneLighting":true,"audioPlay":false,"sceneViewState":{"m_AlwaysRefresh":false,"showFog":true,"showSkybox":true,"showFlares":true,"showImageEffects":true,"showParticleSystems":true,"showVisualEffectGraphs":true,"m_FxEnabled":true},"in2DMode":false,"pivot":{"x":18020.689453125,"y":137.30853271484376,"z":30.999303817749025},"rotation":{"x":0.11884530633687973,"y":-0.16892725229263307,"z":0.020522620528936387,"w":0.9782289862632752},"size":10.119209289550782,"orthographic":false}