{"cameraMode":{"drawMode":0,"name":"Shaded","section":"Shading Mode"},"sceneLighting":true,"audioPlay":false,"sceneViewState":{"m_AlwaysRefresh":false,"showFog":true,"showSkybox":true,"showFlares":true,"showImageEffects":true,"showParticleSystems":true,"showVisualEffectGraphs":true,"m_FxEnabled":true},"in2DMode":false,"pivot":{"x":17.027767181396486,"y":-11.67819595336914,"z":-23.003515243530275},"rotation":{"x":0.11458370834589005,"y":-0.03394695371389389,"z":0.003973591607064009,"w":0.9928933382034302},"size":11.751158714294434,"orthographic":false}