{"cameraMode":{"drawMode":0,"name":"Shaded","section":"Shading Mode"},"sceneLighting":true,"audioPlay":false,"sceneViewState":{"m_AlwaysRefresh":false,"showFog":true,"showSkybox":true,"showFlares":true,"showImageEffects":true,"showParticleSystems":true,"showVisualEffectGraphs":true,"m_FxEnabled":true},"in2DMode":false,"pivot":{"x":16.843643188476564,"y":-5.517765998840332,"z":-34.670379638671878},"rotation":{"x":-0.15324123203754426,"y":-0.025782624259591104,"z":0.003998475149273872,"w":-0.9878594875335693},"size":12.60732650756836,"orthographic":false}