{"cameraMode":{"drawMode":0,"name":"Shaded","section":"Shading Mode"},"sceneLighting":true,"audioPlay":false,"sceneViewState":{"m_AlwaysRefresh":false,"showFog":true,"showSkybox":true,"showFlares":true,"showImageEffects":true,"showParticleSystems":true,"showVisualEffectGraphs":true,"m_FxEnabled":true},"in2DMode":false,"pivot":{"x":14.701482772827149,"y":-4.389430046081543,"z":-24.228687286376954},"rotation":{"x":0.035913921892642978,"y":-0.22703954577445985,"z":0.008437897078692913,"w":0.9732538461685181},"size":15.333953857421875,"orthographic":false}