{"cameraMode":{"drawMode":0,"name":"Shaded","section":"Shading Mode"},"sceneLighting":true,"audioPlay":false,"sceneViewState":{"m_AlwaysRefresh":false,"showFog":true,"showSkybox":true,"showFlares":true,"showImageEffects":true,"showParticleSystems":true,"showVisualEffectGraphs":true,"m_FxEnabled":true},"in2DMode":false,"pivot":{"x":254.79684448242188,"y":-67.7330551147461,"z":149.36761474609376},"rotation":{"x":-0.06814917176961899,"y":-0.5853647589683533,"z":0.049466732889413837,"w":-0.8063911199569702},"size":217.48143005371095,"orthographic":false}