{"cameraMode":{"drawMode":0,"name":"Shaded","section":"Shading Mode"},"sceneLighting":true,"audioPlay":false,"sceneViewState":{"m_AlwaysRefresh":false,"showFog":true,"showSkybox":true,"showFlares":true,"showImageEffects":true,"showParticleSystems":true,"showVisualEffectGraphs":true,"m_FxEnabled":true},"in2DMode":false,"pivot":{"x":24.83817481994629,"y":-4.9383769035339359,"z":-37.29418182373047},"rotation":{"x":0.17235083878040315,"y":0.04610287398099899,"z":-0.008060937747359276,"w":0.983977198600769},"size":13.405323028564454,"orthographic":false}