{"cameraMode":{"drawMode":0,"name":"Shaded","section":"Shading Mode"},"sceneLighting":true,"audioPlay":false,"sceneViewState":{"m_AlwaysRefresh":false,"showFog":true,"showSkybox":true,"showFlares":true,"showImageEffects":true,"showParticleSystems":true,"showVisualEffectGraphs":true,"m_FxEnabled":true},"in2DMode":false,"pivot":{"x":-16.308197021484376,"y":-9.753331184387207,"z":36.357452392578128},"rotation":{"x":0.22841030359268189,"y":-0.10780602693557739,"z":0.025458624586462976,"w":0.9672397375106812},"size":9.054112434387207,"orthographic":true}