{"cameraMode":{"drawMode":0,"name":"Shaded","section":"Shading Mode"},"sceneLighting":false,"audioPlay":false,"sceneViewState":{"m_AlwaysRefresh":false,"showFog":true,"showSkybox":false,"showFlares":true,"showImageEffects":true,"showParticleSystems":true,"showVisualEffectGraphs":true,"m_FxEnabled":true},"in2DMode":false,"pivot":{"x":-37.405757904052737,"y":-0.6086654663085938,"z":5.1340436935424809},"rotation":{"x":0.03428114578127861,"y":-0.6146678924560547,"z":0.026755010709166528,"w":0.787586510181427},"size":27.582321166992189,"orthographic":false}