{"cameraMode":{"drawMode":0,"name":"Shaded","section":"Shading Mode"},"sceneLighting":false,"audioPlay":false,"sceneViewState":{"m_AlwaysRefresh":false,"showFog":true,"showSkybox":false,"showFlares":true,"showImageEffects":true,"showParticleSystems":true,"showVisualEffectGraphs":true,"m_FxEnabled":true},"in2DMode":false,"pivot":{"x":2.9207687377929689,"y":-19.45827865600586,"z":32.72529983520508},"rotation":{"x":0.1285429745912552,"y":0.03896050900220871,"z":-0.005053553730249405,"w":0.9909259676933289},"size":48.783485412597659,"orthographic":false}