{"cameraMode":{"drawMode":0,"name":"Shaded","section":"Shading Mode"},"sceneLighting":false,"audioPlay":false,"sceneViewState":{"m_AlwaysRefresh":false,"showFog":true,"showSkybox":false,"showFlares":true,"showImageEffects":true,"showParticleSystems":true,"showVisualEffectGraphs":true,"m_FxEnabled":true},"in2DMode":false,"pivot":{"x":-16.413808822631837,"y":-2.202378749847412,"z":23.196025848388673},"rotation":{"x":0.07294421643018723,"y":-0.22801977396011353,"z":0.017133871093392373,"w":0.9707696437835693},"size":24.1702938079834,"orthographic":false}