{"cameraMode":{"drawMode":0,"name":"Shaded","section":"Shading Mode"},"sceneLighting":false,"audioPlay":false,"sceneViewState":{"m_AlwaysRefresh":false,"showFog":true,"showSkybox":false,"showFlares":true,"showImageEffects":true,"showParticleSystems":true,"showVisualEffectGraphs":true,"m_FxEnabled":true},"in2DMode":false,"pivot":{"x":0.35236307978630068,"y":0.2961319088935852,"z":0.22914278507232667},"rotation":{"x":0.006444226019084454,"y":-0.9911447763442993,"z":0.12192307412624359,"w":0.05237704515457153},"size":1.792604923248291,"orthographic":false}