{"cameraMode":{"drawMode":0,"name":"Shaded","section":"Shading Mode"},"sceneLighting":false,"audioPlay":false,"sceneViewState":{"m_AlwaysRefresh":false,"showFog":true,"showSkybox":false,"showFlares":true,"showImageEffects":true,"showParticleSystems":true,"showVisualEffectGraphs":true,"m_FxEnabled":true},"in2DMode":false,"pivot":{"x":0.2489062398672104,"y":-0.8247999548912048,"z":0.002999990712851286},"rotation":{"x":0.1925896406173706,"y":0.07645344734191895,"z":-0.015052678063511849,"w":0.9781877994537354},"size":0.9414605498313904,"orthographic":false}