{"cameraMode":{"drawMode":0,"name":"Shaded","section":"Shading Mode"},"sceneLighting":false,"audioPlay":false,"sceneViewState":{"m_AlwaysRefresh":false,"showFog":true,"showSkybox":false,"showFlares":true,"showImageEffects":true,"showParticleSystems":true,"showVisualEffectGraphs":true,"m_FxEnabled":true},"in2DMode":false,"pivot":{"x":-1.5271146297454835,"y":-0.23589253425598145,"z":-5.217568397521973},"rotation":{"x":0.22676710784435273,"y":0.39131125807762148,"z":-0.10012664645910263,"w":0.8862430453300476},"size":2.5571696758270265,"orthographic":false}