{"cameraMode":{"drawMode":0,"name":"Shaded","section":"Shading Mode"},"sceneLighting":false,"audioPlay":false,"sceneViewState":{"m_AlwaysRefresh":false,"showFog":true,"showSkybox":false,"showFlares":true,"showImageEffects":true,"showParticleSystems":true,"showVisualEffectGraphs":true,"m_FxEnabled":true},"in2DMode":false,"pivot":{"x":0.19119954109191895,"y":-2.5038795471191408,"z":-56.72691345214844},"rotation":{"x":0.045564454048871997,"y":-0.22725442051887513,"z":0.010652204044163227,"w":0.9727466702461243},"size":7.118475914001465,"orthographic":false}