{"cameraMode":{"drawMode":0,"name":"Shaded","section":"Shading Mode"},"sceneLighting":false,"audioPlay":false,"sceneViewState":{"m_AlwaysRefresh":false,"showFog":true,"showSkybox":false,"showFlares":true,"showImageEffects":true,"showParticleSystems":true,"showVisualEffectGraphs":true,"m_FxEnabled":true},"in2DMode":false,"pivot":{"x":21.893220901489259,"y":-6.296756267547607,"z":-41.39717483520508},"rotation":{"x":0.05487274006009102,"y":0.0033128741197288038,"z":-0.0001666022144490853,"w":0.9985425472259522},"size":0.7093262076377869,"orthographic":false}